Filename;
AC_Alloy22_Tri-clamps_SSH_A22_SAFX_A22.pdf;ACL SSH-SAFX A22
ACL_Anti-galling Clamps.pdf;ACL Anti-galling Clamps
ADCA_M3H_Three_piece_hygienic_ball_valve_DN_65-100-DIN.pdf;ADCA M3H DN 65-100-DIN
ADCA_M3H_Three_piece_hygienic_ball_valve_DN10-50-DIN.pdf;ADCA M3H DN10-50-DIN
ADCA_M3H_Three_piece_hygienic_ball_valve_DN150-BPE.pdf;ADCA M3H DN150-BPE
ADCA_M3H_Three_piece_hygienic_ball_valve_DN15-50-BPE.pdf;ADCA M3H DN15-50-BPE
ADCA_M3H_Three_piece_hygienic_ball_valve_DN65-100-BPE.pdf;ADCA M3H DN65-100-BPE
ADCA_M3HP_Three_piece_high_purity_ball_valve_DN10-50-DIN.pdf;ADCA M3HP DN10-50-DIN
ADCA_M3HP_Three_piece_high_purity_ball_valve_DN150-BPE.pdf;ADCA M3HP DN150-BPE
ADCA_M3HP_Three_piece_high_purity_ball_valve_DN15-50-BPE.pdf;ADCA M3HP DN15-50-BPE
ADCA_M3HP_Three_piece_high_purity_ball_valve_DN65-100-BPE.pdf;ADCA M3HP DN65-100-BPE
ADCA_M3HP_Three_piece_high_purity_ball_valve_DN65-100-DIN.pdf;ADCA M3HP DN65-100-DIN
ADCA_P130_Sanitary_pressure_reducing_valve_DN_15-25-BPE-DIN-ISO.pdf;ADCA P130 DN 15-25-BPE-DIN-ISO
ADCA_P130C_Sanitary_pressure_reducing_valve_BPE-DIN-ISO_DN_15-25.pdf;ADCA P130C BPE-DIN-ISO DN 15-25
ADCA_P160_Sanitary_pressure_reducing_valve_DN_20-50-BPE.pdf;ADCA P160 DN 20-50-BPE.pdf
ADCA_P160_Sanitary_pressure_reducing_valve_DN_65-80-BPE.pdf;ADCA P160 DN 65-80-BPE
ADCA_PS130_Sanitary_pressure_sustaining_valve_DN_15-25-BPE-DIN-ISO.pdf;ADCA PS130 DN 15-25-BPE-DIN-ISO
ADCA_PS160_Sanitary_pressure_sustaining_valve_DN_20-50-BPE.pdf;ADCA PS160 DN 20-50-BPE
ADCA_RD40_Disc_check_valve_DN15-100.pdf;ADCA RD40 DN15-100
ADCA_S11_Clean_steam_humidity_separator_DN_15-50.pdf;ADCA S11 DN 15-50
ADCA_SC32P_Sample_cooler_clean_steam.pdf;ADCA SC32P
ADCA_TSS6_Thermostatic_clean_steam_trap_DN_15-40-BPE-DIN-ISO.pdf;ADCA TSS6 DN 15-40-BPE-DIN-ISO
ADCA_TSS6A_Thermostatic_clean_steam_trap_DN_15-20-BPE.pdf;ADCA TSS6A DN 15-20-BPE
ADCA_TSS7_Thermostatic_clean_steam_trap_DN_15-25-BPE.pdf;ADCA TSS7 DN 15-25-BPE
AdvantaSil_APSH_Silicone_Hose.pdf;AdvantaSil APSHe
AdvantaSil_APSW_wire_reinforced.pdf;AdvantaSil APSW
Aerre_Inox_BIO_Non_return_valve.pdf;Aerre Inox VRO
Aerre_Inox_LSC-DTS_Sample_Condenser_Rev2.pdf;Aerre Inox LSC-DTS
Aerre_Inox_VFS_Butterfly_Valve_datasheet.pdf;Aerre Inox VFS
All_Quickseal_small_cutter.pdf;Sartorius Quickseal cutter
alpha-pompe-2-sides-AP-A-(AISI_316)-2016.pdf;Alpha Pompe AP-A
alpha-pompe-3-sides-AP-Aluminium-2016.pdf;Alpha Pompe AP
AP_AdvantaSil_APSH_Silicone_Hose.pdf;AdvantaSil APSH
AP_AdvantaSil_APSW_wire_reinforced.pdf;AdvantaSil APSW
AP_Single_Use_Sensor_Tubing_Assemblies.pdf;AdvantaPure Sensor tubing assemblies
AQ_Diaphragm_Replacement_Valve_rev2022.pdf;ARTeSYN DRV 2
AQ_Pinch_Valve.pdf;ARTeSYN Pinch valve
AR_Brochure_asceptic_sampling_valves_VPK-18.pdf;Aerre Inox Aseptic sampling valves
AR_High_purity_ball_valve.pdf;Aerre Inox High purity ball valve
AR_LS3512LED-Luminaire.pdf;Aerre Inox LS3512LED
AR_MVA-T_TFM_Diaphragm.pdf;Aerre Inox TFM PTFE - MVA Diaphragm 
AR_RRI-RRD_re-usable_hose_connection.pdf;Aerre Inox RRI-RRD 
AR_Sample_Bottle_manual_instructions_Rev_1.pdf;Aerre Inox Sterile sampling bottle
AR_Sight_Glass_SLH_See_Through.pdf;Aerre Inox SLH
AR_Sight_Glass_SLO_flow_indicator_BIO.pdf;Aerre Inox SLO
AR_Sight-Glass_SLL_SLP.pdf;Aerre Inox SLL-SLP
AR_SPK-SPH_sight_glass.pdf;Aerre Inox SPK SPH
AR_Sterile_sampling_bottle_assembly_SSB-13.pdf;Aerre Inox SSB
AR_Tank_bottom_aseptic_valve_VFA-19.pdf;Aerre Inox VFA-19
AR_TK_connect_TKL-A_IN_LINE.pdf;Aerre Inox TK IN-LINE
AR_TKC-A_ASTM.pdf;Aerre Inox TKC
AR_TK-Connection_TK-13.pdf;Aerre Inox TK CONN
AR_VAA-075_TANK_BOTTOM-mini.pdf;Aerre Inox VFAmini
AR_VAZ_Zero_Dead_Leg.pdf;Aerre Inox VAZ
AR_VPA_Sample_Valve_Dimensions.pdf;Aerre Inox VPA
AR_VRN-VRH_Spring_Check_Valve.pdf;Aerre Inox VRN VRH
AR_VSA_TC_NEEDLE_VALVE_Rev4.pdf;Aerre Inox VSA
AR_VSL_310130_MAN-L-TC_dimensions.pdf;Aerre Inox VSL 310130
AR_VSL_313030_PN-L-TC_dimensions.pdf;Aerre Inox VSL 313030
AR_VSS_STANDARD_dimensions.pdf;Aerre Inox VSS Ball valve
AR_VST_300130_MAN-T-TC_dimensions.pdf;Aerre Inox VST 300130
AR_VST_303030_PN-T-TC_dimensions.pdf;Aerre Inox VST 303030
AR-ingold-tank-fitting.pdf;Aerre Inox Ingold fitting
BL_Sentry_CIP_Silver.pdf;Blacoh Sentry CIP sanitary flow through dampener
BP-Bio-endcaps.pdf;BioPure BioEndCap
BPE_Solid_End_Cap_with_knob.pdf;Blind end cap with knob
Brochure_Pharmaceutical_Bubble_Trap.pdf;Bubble Trap
BSPP_Adaptors_Female_Metric.pdf;BSPP Adaptors female - metric
BSPP_Adaptors_Male_Metric.pdf;BSPP Adaptors male - metric
BSPT_Adaptors_Male_Metric.pdf;BSPT Adaptors male - metric
bulletins-spence-ds100-series-thermostatic-steam-traps-spence.pdf;BS100 series
C0128 - 010 - SAFX CLAMP SPECIFICATION - N60 HEX NUTS.pdf;SAFX N60
C0128_-_3_SEG_SAFETY_-_ANTI_GALLING_-_HEX_NUT.pdf;Safety clamps 3-seg SAF
C-204_Sanitary_Pressure_Gauge.pdf;Sanitary Pressure Gauge
CAM_Namur_ventiel.pdf;Solenoid valves Series NA
cdh_datasheet.pdf;CDH sanitary thermostatic steam trap
cds_datasheet.pdf;CDS sanitary thermostatic steam trap
CoC_Romy-Flex_EXT_D_-_DB_specimen_voor_RX_website.pdf;Certificate of conformity
COC-Iris-valve-body-ROMYNOX.pdf;Certificate of conformity
COC-Iris-valve-sleeve-ROMYNOX.pdf;Certificate of conformity
COC-Romy-Flex_BRIGHT.pdf;Certificate of conformity
COC-Romy-Flex_EXT_D-DB.pdf;Certificate of conformity
COC-Romy-Flex_PTFE-SIL.pdf;Certificate of conformity
CPC_Aseptiquik_G.pdf;CPC Aseptiquik G
CPC_Aseptiquik_S.pdf;CPC Aseptiquik S
CPC_Steam_Thru_connection.pdf;CPC Steam Thru
CPC-Aseptiquik-G-Spec-Sheet.pdf;CPC Aseptiquik
CPC-Aseptiquik-S-Spec-Sheet.pdf;CPC Aseptiquik S
CPC-Aseptiquik-STC-II-Spec-Sheet.pdf;CPC Septiquik STC II
CPC-MicroCNX-Spec-Sheet.pdf;CPC MicroCNX
CPC-MPC-Spec-Sheet.pdf;CPC MPC
CPC-MPU-Spec-Sheet.pdf;CPC MPU
CPC-MPX-Spec-Sheet.pdf;CPC MPX
CPC-Steam-Thru-Spec-Sheet.pdf;CPC Steam Thru
Datasheet_Goetze_series_Hygienic_400.5.pdf;Goetze Hygienic 400.5
Datasheet_Goetze_Series_Hygienic_400.pdf;Goetze Hygienic 400
Datasheet_Goetze_series_Hygienic_4000.pdf;Goetze Hygienic 4000
Datasheet_Goetze_series_Hygienic_4020.pdf;Goetze Hygienic 4020
Datasheet_Goetze_series_Hygienic_4040.pdf;Goetze Hygienic 4040
Datasheet_Goetze_series_Hygienic_4060.pdf;Goetze Hygienic 4060
datasheet-iris-valve.pdf;ROMYNOX IRIS Valve
Datasheet-Romy-Flex-DB-1.pdf;ROMYNOX ROMY-FLEX DB 1
Datasheet-Romy-Flex-PTFE-SIL.pdf;ROMYNOX ROMY-FLEX PTFE SIL
DD03-GE7.pdf;Diaphragm Direct DD03-GE7
DD03-GTFML.pdf;Diaphragm Direct DD03-GTFML
DD03-IE7.pdf;Diaphragm Direct DD03-IE7
DD03-ITFM.pdf;Diaphragm Direct DD03-ITFM
DD03-SE7.pdf;Diaphragm Direct DD03-SE7
DD03-SE7-T.pdf;Diaphragm Direct DD03-SE7-T
DD03-SFPM.pdf;Diaphragm Direct DD03-SFPM
DD03-SFPM-T.pdf;Diaphragm Direct DD03-SFPM-T
DD03-STFML.pdf;Diaphragm Direct DD03-STFML
DD03-STFML-T.pdf;Diaphragm Direct DD03-STFML-T
DD05-IE7.pdf;Diaphragm Direct DD05-IE7
DD05-ITFM.pdf;Diaphragm Direct DD05-ITFM
DD05-SE7.pdf;Diaphragm Direct DD05-SE7
DD05-SE7-T.pdf;Diaphragm Direct DD05-SE7-T
DD05-SFPM.pdf;Diaphragm Direct DD05-SFPM
DD05-SFPM-T.pdf;Diaphragm Direct DD05-SFPM-T
DD05-STFM.pdf;Diaphragm Direct DD05-STFM
DD05-STFM-C.pdf;Diaphragm Direct DD05-STFM-C
DD07-GE7.pdf;Diaphragm Direct DD07-GE7
DD07-GTFML.pdf;Diaphragm Direct DD07-GTFML
DD07-IE7.pdf;Diaphragm Direct DD07-IE7
DD07-ITFM.pdf;Diaphragm Direct DD07-ITFM
DD07-SE7.pdf;Diaphragm Direct DD07-SE7
DD07-SE7-T.pdf;Diaphragm Direct DD07-SE7-T
DD07-SFPM.pdf;Diaphragm Direct DD07-SFPM
DD07-SFPM-T.pdf;Diaphragm Direct DD07-SFPM-T
DD07-STFM.pdf;Diaphragm Direct DD07-STFM
DD07-STFM-C.pdf;Diaphragm Direct DD07-STFM-C
DD10-GE7.pdf;Diaphragm Direct DD10-GE7
DD10-GTFM.pdf;Diaphragm Direct DD10-GTFM
DD10-GTFM-E.pdf;Diaphragm Direct DD10-GTFM-E
DD10-GTFML.pdf;Diaphragm Direct DD10-GTFML
DD10-IE7.pdf;Diaphragm Direct DD10-IE7
DD10-ITFM.pdf;Diaphragm Direct DD10-ITFM
DD10-SE7.pdf;Diaphragm Direct DD10-SE7
DD10-SFPM.pdf;Diaphragm Direct DD10-SFPM
DD10-STFM.pdf;Diaphragm Direct DD10-STFM
DD10-STFM-C.pdf;Diaphragm Direct DD10-STFM-C
DD15-GE7.pdf;Diaphragm Direct DD15-GE7
DD15-GTFM.pdf;Diaphragm Direct DD15-GTFM
DD15-GTFM-E.pdf;Diaphragm Direct DD15-GTFM-E
DD15-GTFML.pdf;Diaphragm Direct DD15-GTFML
DD15-ITFM.pdf;Diaphragm Direct DD15-ITFM
DD15-SE7.pdf;Diaphragm Direct DD15-SE7
DD15-SFPM.pdf;Diaphragm Direct DD15-SFPM
DD15-STFM.pdf;Diaphragm Direct DD15-STFM
DD15-STFM-C.pdf;Diaphragm Direct DD15-STFM-C
DD20-GE7.pdf;Diaphragm Direct DD20-GE7
DD20-GTFM.pdf;Diaphragm Direct DD20-GTFM
DD20-GTFM-E.pdf;Diaphragm Direct DD20-GTFM-E
DD20-GTFML.pdf;Diaphragm Direct DD20-GTFML
DD20-IE7.pdf;Diaphragm Direct DD20-IE7
DD20-ITFM.pdf;Diaphragm Direct DD20-ITFM
DD20-SE7.pdf;Diaphragm Direct DD20-SE7
DD20-SFPM.pdf;Diaphragm Direct DD20-SFPM
DD20-STFM.pdf;Diaphragm Direct DD20-STFM
DD20-STFM-C.pdf;Diaphragm Direct DD20-STFM-C
DD25-IE7.pdf;Diaphragm Direct DD25-IE7
DD25-ITFM.pdf;Diaphragm Direct DD25-ITFM
DD25-SE7.pdf;Diaphragm Direct DD25-SE7
DD25-SFPM.pdf;Diaphragm Direct DD25-SFPM
DD25-STFM.pdf;Diaphragm Direct DD25-STFM
DD30-GE7.pdf;Diaphragm Direct DD30-GE7
DD30-GTFM.pdf;Diaphragm Direct DD30-GTFM
DD30-GTFM-E.pdf;Diaphragm Direct DD30-GTFM-E
DD30-GTFML.pdf;Diaphragm Direct DD30-GTFML
DD30-IE7.pdf;Diaphragm Direct DD30-IE7
DD30-ITFM.pdf;Diaphragm Direct DD30-ITFM
DD30-SE7.pdf;Diaphragm Direct DD30-SE7
DD30-SFPM.pdf;Diaphragm Direct DD30-SFPM
DD30-STFM.pdf;Diaphragm Direct DD30-STFM
DD40-GE7.pdf;Diaphragm Direct DD40-GE7
DD40-GTFM.pdf;Diaphragm Direct DD40-GTFM
DD40-GTFML.pdf;Diaphragm Direct DD40-GTFML
DD40-IE7.pdf;Diaphragm Direct DD40-IE7
DD40-ITFM.pdf;Diaphragm Direct DD40-ITFM
DD40-SE7.pdf;Diaphragm Direct DD40-SE7
DD40-SFPM.pdf;Diaphragm Direct DD40-SFPM
DD40-STFM.pdf;Diaphragm Direct DD40-STFM
DD60-IE7.pdf;Diaphragm Direct DD60-IE7
DD60-ITFM.pdf;Diaphragm Direct DD60-ITFM
Declaration_of_compliance_fittings.pdf;Declaration of compliance fittings
Declaration_of_conformity_EZI-clamp.pdf;Declaration of conformity EZI clamp
DS-000003_EN_REV_E_Kest_Mixer_KM.pdf;Kest Mixer KM
ds100_ds110_datasheet.pdf;DS100-DS110 Steam Trap
e295de_en_operation_manual.pdf;SED  KMA 295 Manual
ED_Ezi_Flow_CSV4_All_Plastic.pdf;EZIDOCK EZIFLOW CSV4 all plastic
ED_Ezi-Flow_CSV4.pdf;EZIDOCK EZIFLOW CSV4
ED_Ezi-Strap_Liner_Tie_System.pdf;EZIDOCK Ezi-Strap
ED_Flexible_Chargebags.pdf;EZIDOCK Flexible Chargebags
ED_Pharma_Process_Bottles.pdf;EZIDOCK Pharma Process Bottles
ED_PharmaPureAS.pdf;EZIDOCK PharmaPure AS range
ED_UV-C_Aseptic_System.pdf;EZIDOCK EZIFLOW CSV4 UVC
End_Cap_with_knob.pdf;Blind end cap with knob
EPDM_Gaskets.pdf;EPDM Gaskets
Ferrules_14_MPW_TANK.pdf;14 MPW TANK Ferrules
Ferrules_ASME_BPE.pdf;ASME BPE Ferrules
Ferrules_BS_4825-3.pdf;BS 4825-3 Ferrules
Ferrules_BS_Schedule_10.pdf;BS Schedule 10 Ferrules
Ferrules_BS_Schedule_40.pdf;BS Schedule 40 Ferrules
Ferrules_BS_Schedule_5.pdf;BS Schedule 5 Ferrules
Ferrules_DIN_32676_series_1.pdf;DIN 32676 series 1
Ferrules_DIN_32676_series_2.pdf;DIN 32676 series 2 Ferrules
Ferrules_DIN_32676_series_3.pdf;DIN 32676 series 3 Ferrules
Ferrules_ISO_1127.pdf;ISO 1127 Ferrules
Ferrules_ISO_2037.pdf;ISO 2037 Ferrules
Ferrules_SMS_3008.pdf;SMS 3008 Ferrules
Ferrules_SMS_3017.pdf;SMS 3017 Ferrules
Ferrules_SWG.pdf;SWG Ferrules
Fike_AGT_SC_Bursting_Discs.pdf;Fike AGT SC
Fike_Axius_SC_Sanitary_Rupture_Disc.pdf;Fike Type AXIUS SC
Fike_Burst_Check_Line.pdf;Fike Burst check line
Fike_Burst_indicators.pdf;Fike Burst indicator
Fike_Lo-V_Rupture_Disc.pdf;Fike Rupture disc
fl-sonocheck-abd06-biotech-en-sonotec.pdf;SONOTEC SONOCHECK ABD06
fl-ultrasonic-sensors-for-bioprocess-and-pharma-en-sonotec.pdf;SONOTEC Ultrasonic sensors
Fout_gebruikte_epdm_pakking.pdf;Fout_gebruikte_epdm_pakking
Instruction_Manual_2-wire_programmable_transmitter.pdf;2-wire programmable transmitter 5333a
IOM_61-65_RP-XP.ING.r0.pdf;Vinco RP-XP Series
KEST_DS-0000002BKest_Mixer_KMS.pdf;KEST Mixer KMS
KEST_DS-000001A-Sampling-Unit-KSU.pdf;KEST Sampling Unit
KEST_DS-000005B_Kest_Mixer_RM.pdf;KEST Mixer KMS
KEST_DS-000009D-Kest-Lock.pdf;KEST Kest-Lock
KEST_DS-000009D-Kest-Lock_Pipe_Adapter_Flange-.pdf;KEST Kest-Lock Pipe Adapter Flange
KEST_DS-000009D-Kest-Lock_Pipe_Flange.pdf;KEST Kest-Lock Pipe Flange
KEST_DS-000009D-Kest-Lock_Pipe_Inline.pdf;KEST Kest-Lock Pipe Inline
KEST_DS-000009D-Kest-Lock_Pipe_inline_Double.pdf;KEST Kest-Lock Pipe Inline Double
KEST_DS-000009D-Kest-Lock_Pipe_Panel_Flange.pdf;KEST Kest-Lock Pipe Panel Flange
KEST_DS-000009D-Kest-Lock_Snap_Ring_Basic_Ring.pdf;KEST Kest-Lock Snap and Basic
KEST_DS-000009D-Kest-Lock_Tank_Flange.pdf;KEST Kest-Lock Tank Flange
KEST_DS-000011A_Kest_Mixer_KM_ATEX.pdf;KEST Mixer KM ATEX
KEST-KM1MBDS-2009_00-Male-bearing.pdf;KEST Male bearing, KM1-MB-ZrO2
Kest-ProFlow-Mixer-Datasheet.pdf;KEST ProFlow Mixer
LEF_limit_switch_box.pdf;Meca-Inox Limit switch box BML102 - BVL430 - BVL730
Mer_ARMORVIN-HNA.pdf;Merlett 913040 ARMORVIN HNA
Metaglas sight glass Type 80.pdf;Metaglas Type 80
Metaglas Type 80.NA Sight Glass.pdf;Metaglas Type 80.NA
Metaglas Type 99.NA Sight Glass.pdf;Metaglas Type 99.NA
Metaglas.80.ETW_03.06.19-E.pdf;Metaglas Type 80.ETW
Metaglas_operating__maintenance_instructions.pdf;Metaglas Operating and Maintenance Instructions for METAGLAS Fused Metal Glass Sight Glasses.
Metaglas_Type_80SL_Datasheet_2022.pdf;Metaglas Type 80.SL
Metaglas_Type_83_Datasheet_2022.pdf;Metaglas Type 83
Metaglas_Type_83USL33_with_light_datasheet.pdf;Metaglas Type 83.USL33
Metaglas_Type_84_Datasheet_2022.pdf;Metaglas Type 84
Metaglas_Type_84USL33_with_light_datasheet.pdf;Metaglas Type 84.USL33
Metaglas_Type_85_Datasheet_2022.pdf;Metaglas Type 85
Metaglas_Type_85USL33_with_light_datasheet.pdf;Metaglas Type 85.USL33
Metaglas_Type_89_Datasheet_2022.pdf;Metaglas Type 89
Metaglas_Type_99ING_Datasheet_2022.pdf;Metaglas Type 99.ING
Metaglas_Type_99NBC_Datasheet_2022.pdf;Metaglas Type 99.NBC
MI_CL4_check_valve.pdf;Meca-Inox CL4 Check valve
MI_Electric_Actuators.pdf;Meca-Inox Electric actuators
MI_manual_operation.pdf;Meca-Inox Manual operation
MI_PN4_ball_valve_Romynox.pdf;Meca-Inox PN4
MI_Pneumatic_Actuators.pdf;Meca-Inox Pneumatic actuators
MI_PS4_DBB_double-block-and-bleed.pdf;Meca-Inox PS4 Double block and bleed
MI_PS4_PN4_PZ4_PP4_ball_valve_Romynox.pdf;Meca-Inox PS4 PN4 PZ4 PP4
MI_PS4_PN4_PZ4_PP4_PY4_Pneumatic_actuated.pdf;Meca-Inox PS4 PN4 PZ4 PP4 PY4
MI_PS4-3-Way_ball_valve.pdf;Meca-Inox 3VLH 3VTH 3VLV
MI_PS4-B4_flange.pdf;Meca-Inox PS4-B4 flange
MI_PS4-FC_tank_bottom_valve.pdf;Meca-Inox PS4 FC - PS4 FCSZ tank bottom valve
MI_PS4-PE_sampling_ball_valve.pdf;Meca-Inox PS4 Sampling ball valve
MI_PY4_ball_valve.pdf;Meca-Inox PY4 Ball valve
MI_PZ4_v_ball_valve.pdf;Meca-Inox PZ4 V-Ball valve
MI_PZ4-ET_Steam_jacketed_ball_valve.pdf;Meca-Inox PZ4 Steam jacketed ball valve
MI_Seats_material.pdf;Meca-Inox PS4 PN4 Seats and seals material
MI_Seats_material_PY.pdf;Meca-Inox PY4 Seats and seals material
MI_Solenoid_Valve_ASCO.pdf;Meca-Inox Solenoid valve ASCO JCG551 - G551LPKF
MI_Solenoid_Valve_Burkert.pdf;Meca-Inox BURKERT Magnetventil 6519 type
MI_spare_parts.pdf;Meca-Inox Spare parts list
MI_VC4_sight_glass.pdf;Meca-Inox VC4 sight glass
Mushroom_vents.pdf;ROMYNOX Mushroom vents
NA_Silbrade_Silcon_romynox.pdf;NewAge Industries Silbrade & silcon silicone hose and tubing
NG_010_discharge_capacities.pdf;
NG_019_discharge_capacity.pdf;
NG_Typ010_romynox.pdf;
NG_Typ010GB_romynox.pdf;
NG_Typ019_romynox.pdf;
NG_Typ019GB_romynox.pdf;
NG_Typ070SKG_Pressure_Reducing_Valve.pdf;
NG_Typ070SKK_Pressure_Reducing_Valve.pdf;
NG_Typ070SKM_Pressure_Reducing_Valve.pdf;
NG_Typ070SKS_Pressure_Reducing_Valve.pdf;
NG_Typ070SMG_Pressure_Reducing_Valve.pdf;
NG_Typ070SMK_Pressure_Reducing_Valve.pdf;
NG_Typ070SMS_Pressure_Reducing_Valve.pdf;
NG_Typ090_romynox.pdf;
NM_CPT100_PharmaLok_Tube_Clamp.pdf;
NM_Fitting_catalogue_028.pdf;
NM_Fitting_catalogue_028_107.pdf;
NM_vp_pharmalok_DS.pdf;
NPT_Adaptors_Female_Metric.pdf;
Orifice_Spools.pdf;Orifice plate spools
PTFE_Envelope_Gaskets.pdf;Rubber Fab PTFE envelope gaskets
PTFE_Gaskets.pdf;PTFE gaskets
QF_EZ-Set_Flyer_A4_WEB.pdf;QuattroFlow EZ-Set
QF_QF10k-Flyer.pdf;QuattroFlow QF10k
QF_QF150S-Spec-Sheet_Multi-Use_diaphragm_pumps.pdf;QuattroFlow QF150S
QF_QF20k_Quattroflow_Multi-use_diaphragm_pumps.pdf;QuattroFlow QF20k
QF_qf30-su-single-use-diaphragm-pump.pdf;QuattroFlow QF30SU
QF_QF5050SU_QuattroFlow_single-use_diaphragm_pumps.pdf;QuattroFlow QF5050SU
QF_Spec_Sheet_QF20kSU_Single-Use_diaphragm_pumps.pdf;QuattroFlow QF20kSU
QF1200HT_flyer.pdf;QuattroFlow QF1200HT
QF1200HT_Multiple-Use_datasheet.pdf;QuattroFlow QF1200S-HT
QF1200HT_Single-Use_datasheet.pdf;QuattroFlow QF1200SU-HT
QF150SU_Spec-Sheet.pdf;QuattroFlow QF150SU
QF2500_Flyer_A4.pdf;QuattroFlow QF2500
QF4400HT-QF4400SU-HT-Flyer.pdf;QuattroFlow QF4400HT
Quattroflow Q-Control flyer.pdf;QuattroFlow Q-Control
Quattroflow_QF5050S-Multi-use_Diaphragm_pumps.pdf;QuattroFlow QF5050S
Quattroflow_QF5K_flyer_1.pdf;QuattroFlow QF5k
Quattroflow-QF1200S.pdf;QuattroFlow QF1200S
R14303NL_Axius_SC_Sanitary_Rupture_Disc.pdf;Fike AXIUS SC hygienische breekplaat
RF_Biological-Indicator-gasket_datasheet_2021.pdf;Rubber Fab Biological indicator gasket
RF_Gauge-Guard-Isolator_gaskets.pdf;Rubber Fab Gauge protection system
RF_Gylon_Bio-Pro_One-Pager.pdf;Rubber Fab Gylon Bio-Pro
RF_Gylon_Bio-Pro-Plus_One-Pager.pdf;Rubber Fab Gylon Bio-Pro
RF_Kalrez_Gasket.pdf;Rubber Fab Kalrez tri-clamp gasket - LS390
RF_Laser-Engraved.pdf;Rubber Fab Laser engraved hygienic seals
RF_Orifice-Plates.pdf;Rubber Fab Concentric and eccentric orifice plates
RF_PTFE_Envelope_Gaskets.pdf;Rubber Fab PTFE envelope gaskets
RF_Sanitary_Thermocouple_Clamp.pdf;Rubber Fab Sanitary thermocouple clamp
RF_Screen-gaskets.pdf;Rubber Fab Fluid filtration gaskets
RF_Smart_Trakr.pdf;Rubber Fab Smart Trakr-T
RF_SmartClamp.pdf;Rubber Fab Smart Clamp
RF_Smart-Gasket.pdf;Rubber Fab Smart Gasket
RF_Smart-Gasket_datasheet_2021.pdf;Rubber Fab Smart Gasket
RF_Spore_Trap_Slotted_Clamp.pdf;Rubber Fab Spore trap slotted clamp
RF_Steam_trap_orifice_plates.pdf;Rubber Fab Steam trap orifice plates
RF_Torque-Rite.pdf;Rubber Fab Torque Rite
RF_Tuf-Flex.pdf;Rubber Fab TUF-FLEX
RF_TufSteel.pdf;Rubber Fab TUF-STEEL
RF_V2B-Gaskets.pdf;Rubber Fab V2B Gaskets
Ro_TD2CA_Steam_Traps.pdf;ROMYNOX TD2CA Steam Traps
romy-flex_bright_wire_reinforced_silicone_hose.pdf;ROMYNOX ROMY-FLEX BRIGHT
romy-flex_EXT-D_braid_reinforced_silicone_hose.pdf;ROMYNOX ROMY-FLEX EXT-D
romynox_hose-storage-racks.pdf;ROMYNOX Hose storage rack
Romynox_mousehole_rev-7-19.pdf;ROMYNOX Mousehole
Romynox_Sterile_sampling_bottle.pdf;ROMYNOX Sterile sampling bottle
Romynox-thermometer.pdf;ROMYNOX Rigid stem dial thermometers
ROMYNOX-Torque-Tools.pdf;ROMYNOX Torque tools
Rupture_Dics_outlet.pdf;Rupture disc outlet
RX_Adapter_TriClamp-Push-on.pdf;Adaptor tri-clamp to push-on
RX_Adaptor_TriClamp-BSPP_Thread_Female.pdf;Adaptor BSPP thread female to tri-clamp
RX_Adaptor_TriClamp-BSPP_Thread_Male.pdf;Adaptor BSPP thread male to tri-clamp
RX_Adaptor_TriClamp-BSPT_Thread_Male.pdf;Adaptor BSPT thread male to tri-clamp
RX_Adaptor_TriClamp-compression_fitting.pdf;Adaptor tri-clamp compression fitting
RX_Adaptor_TriClamp-Hose-tail.pdf;Hose-tail fittings - imperial
RX_Adaptor_TriClamp-NPT_Thread_Female.pdf;Adaptor NPT thread female to tri-clamp
RX_Adaptor_TriClamp-NPT_Thread_Male.pdf;Adaptor NPT thread male to tri-clamp
RX_Adaptor_TriClamp-Push-in.pdf;Adaptor tri-camp to push-in
RX_ASME_BPE_Concentric_Reducer_DT-4_1_3-3_DT-21c.pdf;ASME-BPE Concentric Reducer DT-4 1 3-3 DT-21c
RX_ASME-BPE_180°_Return_Bend_DT-4-1-1-7_DT-23.pdf;ASME-BPE 180-deg Return Bend DT-4-1-1-7 DT-23
RX_ASME-BPE_180°_Return_Bend_DT-4-1-1-8_DT-24.pdf;ASME-BPE 180-deg Return Bend DT-4-1-1-8 DT-24
RX_ASME-BPE_45-deg_Elbow_DT-4-1-1-4_DT-8.pdf;ASME-BPE 45-deg Elbow DT-4-1-1-4 DT-8
RX_ASME-BPE_45-deg_Elbow_DT-4-1-1-6_DT-17.pdf;ASME-BPE 45-deg Elbow DT-4-1-1-6 DT-17
RX_ASME-BPE_90-deg_Elbow_DT-4-1-1-1_DT-7.pdf;ASME-BPE 90-deg Elbow DT-4-1-1-1 DT-7
RX_ASME-BPE_90-deg_Elbow_DT-4-1-1-3_DT-16.pdf;ASME-BPE 90-deg Elbow DT-4-1-1-3 DT-16
RX_ASME-BPE_Cap_DT-4-1-5-1_DT-30.pdf;ASME-BPE Cap DT-4-1-5-1 DT-30
RX_ASME-BPE_Concentric_Reducer_DT-4_1_3-3_DT-21c.pdf;ASME-BPE Concentric Reducer DT-4 1 3-3 DT-21c
RX_ASME-BPE_Concentric_Reducer_DT-4-1-3-1_DT-11c.pdf;ASME-BPE Concentric Reducer DT-4-1-3-1 DT-11c
RX_ASME-BPE_Concentric_Reducer_DT-4-1-3-2_DT-26c.pdf;ASME-BPE Concentric Reducer DT-4-1-3-2 DT-26c
RX_ASME-BPE_Concentric_Reducer_DT-4-1-3-3_DT-21c.pdf;ASME-BPE Concentric Reducer DT-4-1-3-3 DT-21c
RX_ASME-BPE_Eccentric_Reducer_DT-4-1-3-1_DT-11e.pdf;ASME-BPE Eccentric Reducer DT-4-1-3-1 DT-11e
RX_ASME-BPE_Eccentric_Reducer_DT-4-1-3-2_DT-26e.pdf;ASME-BPE Eccentric Reducer DT-4-1-3-2 DT-26e
RX_ASME-BPE_Eccentric_Reducer_DT-4-1-3-3_DT-21e.pdf;ASME-BPE Eccentric Reducer DT-4-1-3-3 DT-21e
RX_ASME-BPE_Ferrule_DT-4-1-4-1_DT-22.pdf;ASME-BPE Ferrule DT-4-1-4-1 DT-22
RX_ASME-BPE_Hygienic_Clamp_Joint_45-deg_Elbow_DT-4-1-1-5_DT-13.pdf;ASME-BPE Elbow 45-deg DT-4-1-1-5 DT-13
RX_ASME-BPE_Hygienic_Clamp_Joint_90-deg_Elbow_DT-4-1-1-2_DT-12.pdf;ASME-BPE Elbow 90-deg DT-4-1-1-2 DT-12
RX_ASME-BPE_Instrument_Tee_DT-4-1-2-10_DT-28.pdf;ASME-BPE Instrument Tee DT-4-1-2-10 DT-28
RX_ASME-BPE_Instrument_Tee_DT-4-1-2-11_DT-29.pdf;ASME-BPE Instrument Tee DT-4-1-2-11 DT-29
RX_ASME-BPE_Reducing_Tee_DT-4-1-2-6_DT-10.pdf;ASME-BPE Reducing Tee DT-4-1-2-6 DT-10
RX_ASME-BPE_Reducing_Tee_DT-4-1-2-8_DT-19.pdf;ASME-BPE Reducing Tee DT-4-1-2-8 DT-19
RX_ASME-BPE_Short_Outlet_Hygienic_Clamp_Joint_Redu-_Tee_DT-4-1-2-7_DT-14.pdf;ASME-BPE Reducing Tee DT-4-1-2-7 DT-14
RX_ASME-BPE_Short_Outlet_Hygienic_Clamp_Joint_Tee_DT-4-1-2-2_DT-15.pdf;ASME-BPE Short Outlet Tee DT-4-1-2-2 DT-15
RX_ASME-BPE_Short_Outlet_Reducing_Tee_DT-4-1-2-9_DT-20.pdf;ASME-BPE Short Outlet Reducing Tee DT-4-1-2-9 DT-20
RX_ASME-BPE_Short_Outlet_Run_Tee_DT-4-1-2-3_DT-25.pdf;ASME-BPE Short Outlet Run Tee DT-4-1-2-3 DT-25
RX_ASME-BPE_Short_Outlet_Tee_DT-4-1-2-5_DT-27.pdf;ASME-BPE Short Outlet Tee DT-4-1-2-5 DT-27
RX_ASME-BPE_Solid_End_Cap_DT-4-1-5-2_DT-31.pdf;ASME-BPE Solid End Cap DT-4-1-5-2 DT-31
RX_ASME-BPE_Straight_Cross_DT-4-1-2-1_DT-9C.pdf;ASME-BPE Straight Cross DT-4-1-2-1 DT-9C
RX_ASME-BPE_Straight_Cross_DT-4-1-2-4_DT-18C.pdf;ASME-BPE Straight Cross DT-4-1-2-4 DT-18C
RX_ASME-BPE_Straight_Tee_DT-4-1-2-1_DT-9.pdf;ASME-BPE Straight Tee DT-4-1-2-1 DT-9
RX_ASME-BPE_Straight_Tee_DT-4-1-2-4_DT-18.pdf;ASME-BPE Straight Tee DT-4-1-2-4 DT-18
RX_Butterfly_valve_PTFE_Seat.pdf;Butterfly valves with PTFE seat
RX_Tri-Clamp_13LAH.pdf;Tri-clamp 13LAH
RX_Tri-Clamp_13MHHM-D_SH.pdf;Tri-clamp 13MHHM-D SH
RX_Tri-Clamp_13MHHM-Q.pdf;Tri-clamp 13MHHM-Q
RX_Tri-Clamp_13MHHS.pdf;Tri-clamp 13MHHS
RX_Tri-Clamp_13MHP.pdf;Tri-clamp 13MHP
RX_Tube_DT-1_DT-4_19.pdf;ASME BPE Stainless steel tube DT-4.1 DT-1
RX_Y-Piece_Butt_Weld.pdf;Y-Piece butt weld
SA_Silicone_Tubing_450_60.pdf;Silicone Altimex tubing SA 450/60
SaniS_cap2v8_smb.pdf;SaniSure CAP2V8 Sterile media bottle assembly
SaniS_Clamp_Installation_Tool.pdf;SaniSure Clamp installation tool
SaniS_StirBar.pdf;SaniSure Gamma stable stir bars
SaniS_Transition.pdf;SaniSure Transition from Stainless to single use plastic components
SaniSure_Catalog_Cap2v8.pdf;SaniSure CAP2V8 Bottle Solutions
SaniSure_Catalog_Cap2v8_centrifuge_tubes.pdf;SaniSure CAP2V8 Bottle Solutions
SaniSure_Catalog_Cap2v8_Shaker_flasks.pdf;SaniSure CAP2V8 Bottle Solutions
SaniSure-Bio-Ease-Clamp-2022.pdf;SaniSure Bio-ease re-usable non-metallic clamp
SaniSure-Clamp-Datasheet-2022.pdf;SaniSure Clamp
SED_angle_seat_valves.pdf;SED Angle seat valve
SED_chromatography_block.pdf;SED Multiport valves
SED_diaphragms.pdf;SED Diaphragms
SED_electrical_position_indicator_024_85.pdf;SED Electrical position indicator type 024.85
SED_electrical_position_indicator_024_90.pdf;SED Electrical position indicator type 024.90
SED_electropneumatic_positioner_024_16_420.pdf;SED Electropneumatic positioner ECOSIDE 024.16.420
SED_electropneumatic_positioner_024_16_7.pdf;SED Electropneumatic positioners ECOCENT 024.16.7
SED_inductive_position_indicator_024_86.pdf;SED Inductive position indicator type 024.86
SED_inductive_position_indicator_024_87.pdf;SED Inductive position indicator type 024.87
SED_KMA_295.pdf;SED KMA 295
SED_KMA-190.pdf;SED KMA 190
SED_KMA-195.pdf;SED KMA 195
SED_KMA-205.pdf;SED KMA 205
SED_KMA-395.pdf;SED KMA 395
SED_KMA-495.pdf;SED KMA 495
SED_KMA-995.pdf;SED KMA 995
SED_KMD-188.pdf;SED KMD 188
SED_KMD-385.pdf;SED KMD 385
SED_KMD-402.pdf;SED KMD 402
SED_KMD-982.pdf;SED KMD 982
SED_KMD-985.pdf;SED KMD 985
SED_Limit_switch_024_50.pdf;SED Contact - Free limit switch 024.50
SED_Operating_instructions_limit_switch_024_50.pdf;SED Operating instructions Electrical Limit switch A024.50.xxx Exi
SED_pilot_valve_600_605.pdf;SED 3-2 way plastic pilot valve type 600-605
SED_Positioner_024_63-65_instuction_manual.pdf;SED Operating instructions position indicator type 024.63
SED_Selection_of_multiport_block_valves.pdf;SED Multiport valves
SED_Steripur_397.pdf;SED Steripur 397
SED_Steripur_907_Diaphragm_valve.pdf;SED Steripur 907
SED_Steripur-206.pdf;SED Steripur 206
SED_Steripur-207.pdf;SED Steripur 207
SED_Steripur-217.pdf;SED Steripur 217
SED_Steripur-307.pdf;SED Steripur 307
SED_Steripur-317.pdf;SED Steripur 317
SED_Steripur-397_KMA-295_KMD-289.pdf;SED Steripur 397-KMA 295-KMD 289
SED_Steripur-407.pdf;SED Steripur 407
SED_Steripur-417.pdf;SED Steripur 417
SED_Steripur-997.pdf;SED Steripur 997
SED_Steripur-KMA-905.pdf;SED Steripur KMA 905
SED_surface_finish.pdf;SED Surface finish
SED_Tandem_valves.pdf;SED Tandem valves
SED_tank_valves.pdf;SED Tank valves
SED_TD11_0020_Flowmeter_EasyFlow_en.pdf;SED TD11 Variable aera flowmeter easeflow
SED_TD16_0215_024_Positioner_024_63-65.pdf;SED TD16 Control head switch type 024.63-024.65
SED_Twin_diaphragm_valve_for_filling.pdf;SED Twin diaphragm valve for filling
SED-tank-valves-investment-cast.pdf;SED Tank Valves in investment cast
short_concentric_reducers.pdf;Short concentric reducer c x c
Short_eccentric_reducer.pdf;Short eccentric reducer c x c
Silicone_Gaskets.pdf;Rubber Fab Silicone gaskets
SISTO-B_diaphragms.pdf;SISTO B components
SISTO-C_2-way-body_8652.10-06.pdf;SISTO C 2-way Valves
SISTO-C_Actuators_8652.10-06.pdf;SISTO C Pneumatically operated Valves
SISTO-C_Bonnets_Handwheel_8652.10-06.pdf;SISTO C Bonnets manually operated valves
SISTO-C_Valve_assemblies_8652.10-06.pdf;SISTO C Valve assemblies
SISTO-C-diaphragms.pdf;SISTO C Diaphragms
SISTO-CY_Valves_8652.10-06.pdf;SISTO CY Valves
SISTO-SK-i_booklet.pdf;SISTO Actual-position Feedback Unit
Sono_SONOCHECK_ABD06.xx-2.pdf;SONOTEC SONOCHECK Type ABD06.xx
Sono_ultrasonic_sensors_for_bioprocess_and_pharma_engl_.pdf;SONOTEC Ultrasonic Sensors
SVF_OPUS_Steam_trap_valve.pdf;SVF Series OPUSTM Ball Valve
SVF_SB7_Data_Sheet.pdf;SVF Series SB7 Ball Valve
SVF_TSB7_Data_Sheet-2020.pdf;SVF Series TSB7 Ball Valve
tank_valves.pdf;SED Tank Valves
TBL_aSURE_Fittings.pdf;TBL aSURE Fittings
TBL_aSURE_WFI_Sampler.pdf;TBL aSURE WFI Sampler
TBL_Bio-Ease-Sanitary-Clamp-HD.pdf;TBL Bio-Ease HD tubing clamp
TBL_CellGyn-TPE-Tubing.pdf;TBL CellGyn bioprocess tubing
TBL_Cleargreen-Phthalate_free_vinyl_tubing.pdf;TBL ClearGreen Phthalate free vinyl tubing
TBL_DEHP-Free-ClearGreen60-Tubing.pdf;TBL ClearGreen 60 Phthalate vinyl tubing
TBL_Fluorapure-FEP-IND_Tubing.pdf;TBL Fluor-A-Pure-IND
TBL_Fluor-A-Pure-PTFE_Tubing.pdf;TBL PTFE Polytetrafluoroethylene tubing
TBL_Hytrel_lined_envir-a-line-xx.pdf;TBL Envir-A-Line XX
TBL_pfa-tubing-fluor-a-pure.pdf;TBL Fluor-A-Pure (HP)
TBL_Pharm-A-Clear_C_Silicone_Tubing.pdf;TBL Pharm-A-Clear C
TBL_Pharm-A-Clear_LH_Silicone_Tubing.pdf;TBL Pharm-A-Clear LH
TBL_Pharm-A-Line-I-Brochure.pdf;TBL Pharm-A-Line I
TBL_Pharmaline-VI-XL_tubing.pdf;TBL Pharm-A-Line VI & XL
TBL_PVDF-kynar_Tubing.pdf;TBL PVDF KYNAR FLEX 2750 Tubing
TBL_Single-Use-Pressure-Sensor-Fitting-aSURE.pdf;TBL aSURE Instrument fitting
TBL-aSURE-Over-Molded-Hose-Brochure-032118.pdf;TBL aSURE Sanitary molded hoses
TD2CA_Steam_Traps.pdf;ROMYNOX TD2CA Steam Traps
td-soncheck-abd06-analog-output-en-sonotec.pdf;SONOTEC SONOCHECK ABD06.xxx with analogue output
td-sonoflow-co-55-v2-0-en-sonotec.pdf;SONOTEC SONOFLOW CO.55/xxxSD(H) V2.0
td-sonoflow-co-55-v2-0-stainless-display-en-sonotec.pdf;SONOTEC SONOFLOW CO.55/xxxSD(H) V2.0
td-sonoflow-il-52-v2-0-customized-en-sonotec.pdf;SONOTEC SONOFLOW IL.52/3 V2.0
td-sonoflow-il-52-v2-0-en-sonotec.pdf;SONOTEC SONOFLOW IL.52/3 V2.0
Thermocouples_Feedthru.pdf;Thermocouples Feedthru
tk-luminaire.pdf;TK Luminaire LS2024 LED9
Tri-Clamp_13LAH.pdf;Tri-Clamp 13LAH
Tri-Clamp_13MHHM.pdf;Tri-Clamp 13MHHM
Tri-Clamp_13MHHM_Q.pdf;Tri-Clamp 13MHHM Q
Tri-Clamp_13MHHM-D_SH.pdf;Tri-Clamp 13MHHM-D (SH)
Tri-Clamp_13MHHS.pdf;Tri-Clamp 13MHHS
Tri-Clamp_13MHP.pdf;Tri-Clamp 13MHP
Tri-Clamp_Safety_Clamps_SAF.pdf;Tri-Clamp Safety Clamps SAF
Tri-Clamp_Safety_Clamps_SAFS.pdf;Tri-Clamp Safety Clamps SAFS
tube_adapter_reducers_din-asme_bpe.pdf;Tube adaptor reducers DIN to ASME-BPE
tube_adapter_reducers_iso-asme_bpe.pdf;Tube adaptor reducers ISO to ASME-BPE
Tufflex_Gaskets.pdf;Rubber Fab Tuf-Flex
Tufsteel_Gaskets.pdf;Rubber Fab Tuf-Steel
VA_3120-3806-3807-Tubing_Sealer.pdf;Vante Hand-held medium/large tube sealing system
VA_Sealer_4160_61_62.pdf;Vante TPE sealer system
VA_SEBRA-2380-1105.pdf;SEBRA Hand-held battery powered RF sealer
VA_SEBRA-2600-1105-2605_sealer.pdf;SEBRA Benchtop sealer
Vante_Model_3960_Sterile_Connector_Spec_Sheet.pdf;Vante Sterile Connector
xt_speed-Flow-SI.pdf;Speed flow si romynox 
Y-Piece_for_Autoclave_Applications.pdf;Y-Piece for autoclave applications
